{"H": [1.0079407540557772, 0.00015765263909704865], "He": [4.002601932120929, 1.5035139740853032e-07], "Li": [6.94003660291572, 0.003696614831394031], "Be": [9.012183065, 8.199999999999999e-08], "B": [10.811028046410001, 0.1041715980149205], "C": [12.010735896735248, 0.014155417042910201], "N": [14.006703211445798, 0.004104092340831542], "O": [15.999404924318277, 0.0035955721106827763], "F": [18.99840316273, 9.199999999999998e-10], "Ne": [20.18004638052026, 0.009160027155808312], "Na": [22.989769282, 1.8999999999999996e-09], "Mg": [24.3050516198371, 0.012611369429520044], "Al": [26.98153853, 1.1000000000000002e-07], "Si": [28.085498705705955, 0.006670863339985472], "P": [30.97376199842, 7.000000000000001e-10], "S": [32.06478740612706, 0.11667288988609462], "Cl": [35.452937582608, 0.0508851512042259], "Ar": [39.947798563582005, 0.0012803293637598892], "K": [39.098300910086, 0.002487796930036896], "Ca": [40.078022511017735, 0.0802445935766471], "Sc": [44.95590828, 7.7e-07], "Ti": [47.866744962721995, 0.02609122726145058], "V": [50.941465037425004, 0.0028537710354900924], "Cr": [51.9961317554337, 0.014994084205352868], "Mn": [54.93804391, 4.8e-07], "Fe": [55.845144433865904, 0.028278607157960885], "Co": [58.93319429, 5.6e-07], "Ni": [58.69334710994765, 0.014499033423373973], "Cu": [63.54603994583, 0.1356297988105378], "Zn": [65.37778252952499, 0.9202068751537811], "Ga": [69.7230660725936, 0.008900926383798632], "Ge": [72.6275501646868, 0.3555676201132765], "As": [74.92159457, 9.5e-07], "Se": [78.95938855701361, 0.5019253922864584], "Br": [79.90352778050999, 0.07912028485589215], "Kr": [83.7979999953261, 0.048594576703672634], "Rb": [85.46766359561973, 0.02430079644543671], "Sr": [87.61664446962, 0.01723438793793158], "Y": [88.9058403, 2.4e-06], "Zr": [91.22364159706, 0.4619354238402235], "Nb": [92.906373, 2e-06], "Mo": [95.959788541188, 0.6002592315062987], "Tc": [0, 0.0], "Ru": [101.06494013916, 0.37738782735827286], "Rh": [102.905498, 2.5999999999999997e-06], "Pd": [106.41532750734, 0.18515157840963511], "Ag": [107.868149634557, 0.01220857264497974], "Cd": [112.411557818268, 0.6386692082970412], "In": [114.81808662944559, 0.08054537314108563], "Sn": [118.71011259301059, 0.2197877792485712], "Sb": [121.75978367348, 0.08620205536137103], "Te": [127.6031264846604, 0.9199654324300335], "I": [126.9044719, 3.899999999999999e-06], "Xe": [131.29276144779053, 0.013923575266050198], "Cs": [132.905451961, 8.000000000000002e-09], "Ba": [137.3268916286322, 0.07965350059410965], "La": [138.90546887371266, 0.0013897415697026142], "Ce": [140.1157307378545, 0.10170558725180165], "Pr": [140.9076576, 2.3e-06], "Nd": [144.241596031827, 0.10276123648042286], "Pm": [0, 0.0], "Sm": [150.36635571193, 0.6094130183238899], "Eu": [151.96437812637998, 0.12891165604847396], "Gd": [157.25213064687998, 0.402683969843496], "Tb": [158.9253547, 1.9000000000000002e-06], "Dy": [162.499472819424, 0.14614456289563], "Ho": [164.9303288, 2.1e-06], "Er": [167.259082649669, 0.09241229811086529], "Tm": [168.9342179, 2.2e-06], "Yb": [173.05415016631702, 0.40522361623564984], "Lu": [174.96681495785498, 0.03225470161663947], "Hf": [178.4849787234, 0.3748624560088791], "Ta": [180.9478756362269, 0.0008166187947288854], "W": [183.841777550513, 0.46541606446858186], "Re": [186.20670454560002, 0.052596596051350156], "Os": [190.22485962823998, 0.41334418826430386], "Ir": [192.2160516521, 0.5429572203361802], "Pt": [195.084456864931, 1.1546383108061773], "Au": [196.96656879, 7.1e-07], "Hg": [200.59916703455602, 0.946145382043022], "Tl": [204.38341283936, 0.02884654031921337], "Pb": [207.216908063, 0.41246065660607845], "Bi": [208.9803991, 1.6e-06], "Po": [0, 0.0], "At": [0, 0.0], "Rn": [0, 0.0], "Fr": [0, 0.0], "Ra": [0, 0.0], "Ac": [0, 0.0], "Th": [232.0380558, 2.1e-06], "Pa": [231.0358842, 2.4000000000000003e-06], "U": [238.0289104616574, 0.0030041711467098933], "Np": [0, 0.0], "Pu": [0, 0.0], "Am": [0, 0.0], "Cm": [0, 0.0], "Bk": [0, 0.0], "Cf": [0, 0.0], "Es": [0, 0.0], "Fm": [0, 0.0], "Md": [0, 0.0], "No": [0, 0.0], "Lr": [0, 0.0], "Rf": [0, 0.0], "Db": [0, 0.0], "Sg": [0, 0.0], "Bh": [0, 0.0], "Hs": [0, 0.0], "Mt": [0, 0.0], "Ds": [0, 0.0], "Rg": [0, 0.0], "Cn": [0, 0.0], "Nh": [0, 0.0], "Fl": [0, 0.0], "Mc": [0, 0.0], "Lv": [0, 0.0], "Ts": [0, 0.0], "Og": [0, 0.0]}